bball_ref,stats_nba
Stanislav Medvedenko,Slava Medvedenko
Ronald Murray,Flip Murray
Taurean Waller-Prince,Taurean Prince
Andrew White,Andrew White III
Luigi Datome,Gigi Datome
R.J. Hunter,RJ Hunter
D.J. White,DJ White
Robert Williams,Robert Williams III
Mitch Creek,Mitchell Creek
K.J. McDaniels,KJ McDaniels
James Webb,James Webb III
P.J. Hairston,PJ Hairston
Johnny O'Bryant,Johnny O'Bryant III
Wendell Carter,Wendell Carter Jr.
Otto Porter,Otto Porter Jr.
Mike Sweetney,Michael Sweetney
J.J. Hickson,JJ Hickson
C.J. Miles,CJ Miles
A.J. Price,AJ Price
J.R. Smith,JR Smith
A.J. Hammons,AJ Hammons
Didier Ilunga-Mbenga,DJ Mbenga
Dennis Smith,Dennis Smith Jr.
Juan Hernangomez,Juancho Hernangomez
Nene Hilario,Nene
James Ennis,James Ennis III
Sviatoslav Mykhailiuk,Svi Mykhailiuk
Vince Edwards,Vincent Edwards
Danuel House,Danuel House Jr.
P.J. Tucker,PJ Tucker
T.J. Leaf,TJ Leaf
J.J. Redick,JJ Redick
C.J. Wilcox,CJ Wilcox
Sun Yue,Sun Sun
Wade Baldwin,Wade Baldwin IV
Vince Hunter,Vincent Hunter
D.J. Stephens,DJ Stephens
Derrick Jones,Derrick Jones Jr.
Roger Mason,Roger Mason Jr.
Derrick Walton,Derrick Walton Jr.
Matt Williams,Matt Williams Jr.
Walt Lemon,Walter Lemon Jr.
Perry Jones,Perry Jones III
Mohamed Bamba,Mo Bamba
Melvin Frazier,Melvin Frazier Jr.
Wesley Iwundu,Wes Iwundu
Kelly Oubre,Kelly Oubre Jr.
D.J. Strawberry,DJ Strawberry
Marvin Bagley,Marvin Bagley III
Harry Giles,Harry Giles III
Eugene Jeter,Pooh Jeter
Hamady N'Diaye,Hamady Ndiaye
Lonnie Walker,Lonnie Walker IV
J.J. O'Brien,JJ O'Brien
Troy Brown,Troy Brown Jr.
Tim Hardaway,Tim Hardaway Jr.
Larry Nance,Larry Nance Jr.
Glenn Robinson,Glenn Robinson III
Jaren Jackson,Jaren Jackson Jr.
Larry Drew,Larry Drew II
Gary Trent,Gary Trent Jr.
Gary Payton,Gary Payton II
B.J. Johnson,BJ Johnson
Willy Hernangómez,Willy Hernangomez
Juan Hernangómez,Juancho Hernangomez
Cristiano Felício,Cristiano Felicio
Timothé Luwawu-Cabarrot,Timothe Luwawu-Cabarrot
Ante Žižić,Ante Zizic
Luka Dončić,Luka Doncic
Nikola Jokić,Nikola Jokic
José Calderón,Jose Calderon
Nenê Hilário,Nene
Bojan Bogdanović,Bojan Bogdanovic
Ángel Delgado,Angel Delgado
Boban Marjanović,Boban Marjanovic
Miloš Teodosić,Milos Teodosic
Jonas Valančiūnas,Jonas Valanciunas
Goran Dragić,Goran Dragic
Ersan İlyasova,Ersan Ilyasova
Nikola Mirotić,Nikola Mirotic
Dario Šarić,Dario Saric
Dairis Bertāns,Dairis Bertans
Álex Abrines,Alex Abrines
Dennis Schröder,Dennis Schroder
Nikola Vučević,Nikola Vucevic
Élie Okobo,Elie Okobo
Skal Labissière,Skal Labissiere
Jusuf Nurkić,Jusuf Nurkic
Bogdan Bogdanović,Bogdan Bogdanovic
Dāvis Bertāns,Davis Bertans
Donatas Motiejūnas,Donatas Motiejunas
Jakob Pöltl,Jakob Poeltl
Tomáš Satoranský,Tomas Satoransky
Džanan Musa,Dzanan Musa
